name,label
00000497.jpg,menus
00000167.png,menus
00000373.jpg,menus
00000482.jpg,menus
00000008.jpg,menus
00000291.jpg,menus
00000489.jpg,menus
00000217.jpg,menus
00000214.jpg,menus
00000209.jpg,menus
00000224.png,menus
00000278.jpg,menus
00000355.jpg,menus
00000158.png,menus
00000212.jpg,menus
00000246.jpg,menus
00000040.jpg,menus
00000234.png,menus
00000120.jpg,menus
00000485.jpg,menus
00000087.jpg,menus
00000230.jpg,menus
00000469.jpg,menus
00000100.png,menus
00000056.jpg,menus
00000387.jpg,menus
00000137.jpg,menus
00000266.png,menus
00000265.jpg,menus
00000043.jpg,menus
00000194.jpg,menus
00000448.png,menus
00000388.jpg,menus
00000149.jpg,menus
00000155.jpg,menus
00000304.jpg,menus
00000329.jpg,menus
00000219.png,menus
00000031.jpg,menus
00000065.jpg,menus
00000491.jpg,menus
00000018.png,menus
00000361.jpg,menus
00000055.jpg,menus
00000371.jpg,menus
00000131.png,menus
00000200.jpg,menus
00000280.jpg,menus
00000286.jpg,menus
00000151.jpg,menus
00000007.jpg,menus
00000248.png,menus
00000235.jpg,menus
00000170.jpg,menus
00000244.jpeg,menus
00000354.jpg,menus
00000115.jpg,menus
00000041.jpg,menus
00000162.png,menus
00000424.jpg,menus
00000213.jpg,menus
00000340.jpg,menus
00000103.png,menus
00000431.jpg,menus
00000256.jpg,menus
00000247.jpg,menus
00000083.jpg,menus
00000124.jpg,menus
00000203.jpg,menus
00000015.png,menus
00000322.png,menus
00000310.jpg,menus
00000249.jpg,menus
00000288.jpeg,menus
00000416.jpg,menus
00000494.png,menus
00000188.jpg,menus
00000464.jpg,menus
00000108.jpg,menus
00000400.jpg,menus
00000379.jpg,menus
00000112.jpg,menus
00000020.jpg,menus
00000177.jpg,menus
00000109.jpg,menus
00000227.jpg,menus
00000197.jpg,menus
00000408.jpg,menus
00000173.jpg,menus
00000242.jpg,menus
00000156.jpg,menus
00000368.jpg,menus
00000325.jpg,menus
00000254.jpg,menus
00000139.jpg,menus
00000068.jpg,menus
00000096.jpg,menus
00000061.jpg,menus
00000110.png,menus
00000442.jpg,menus
00000357.jpg,menus
00000117.jpg,menus
00000463.jpg,menus
00000222.jpg,menus
00000042.jpg,menus
00000192.jpg,menus
00000473.jpg,menus
00000343.jpg,menus
00000390.jpg,menus
00000350.jpg,menus
00000122.jpg,menus
00000274.jpg,menus
00000088.jpg,menus
00000409.jpg,menus
00000468.jpg,menus
00000169.jpg,menus
00000071.png,menus
00000003.jpg,menus
00000268.jpg,menus
00000159.png,menus
00000060.png,menus
00000270.png,menus
00000382.jpg,menus
00000347.png,menus
00000259.png,menus
00000157.jpg,menus
00000005.jpg,menus
00000360.jpg,menus
00000301.png,menus
00000029.jpg,menus
00000374.jpg,menus
00000353.jpg,menus
00000487.jpg,menus
00000287.jpg,menus
00000032.jpg,menus
00000385.jpg,menus
00000264.JPG,menus
00000273.jpg,menus
00000175.jpg,menus
00000106.jpg,menus
00000044.jpg,menus
00000174.jpg,menus
00000195.jpg,menus
00000171.png,menus
00000130.jpg,menus
00000011.jpg,menus
00000338.jpeg,menus
00000168.jpg,menus
00000425.png,menus
00000471.jpg,menus
00000232.jpg,menus
00000079.png,menus
00000067.jpg,menus
00000128.png,menus
00000196.jpg,menus
00000454.jpg,menus
00000147.jpg,menus
00000035.jpg,menus
00000161.jpg,menus
00000432.png,menus
00000444.jpg,menus
00000119.jpg,menus
00000009.jpg,menus
00000311.jpg,menus
00000198.jpg,menus
00000435.jpg,menus
00000318.png,menus
00000320.jpg,menus
00000191.jpg,menus
00000362.jpg,menus
00000101.jpg,menus
00000462.jpg,menus
00000183.png,menus
00000430.jpg,menus
00000279.jpg,menus
00000052.png,menus
00000498.jpg,menus
00000348.png,menus
00000284.png,menus
00000455.png,menus
00000458.png,menus
00000121.jpg,menus
00000281.png,menus
00000294.png,menus
00000404.jpg,menus
00000314.jpg,menus
00000107.jpg,menus
00000216.jpg,menus
00000129.jpg,menus
00000033.jpg,menus
00000229.jpg,menus
00000240.jpg,menus
00000342.jpg,menus
00000237.jpg,menus
00000132.jpg,menus
00000337.jpg,menus
00000016.jpg,menus
00000046.jpg,menus
00000398.jpg,menus
00000145.jpg,menus
00000406.jpg,menus
00000419.png,menus
00000207.jpg,menus
00000372.jpg,menus
00000258.jpg,menus
00000300.png,menus
00000114.jpg,menus
00000141.jpg,menus
00000204.jpg,menus
00000113.jpg,menus
00000312.jpg,menus
00000221.jpg,menus
00000316.jpg,menus
00000093.jpg,menus
00000267.jpg,menus
00000488.png,menus
00000359.jpeg,menus
00000261.png,menus
00000396.jpg,menus
00000415.jpg,menus
00000477.jpg,menus
00000082.jpg,menus
00000160.jpg,menus
00000252.jpg,menus
00000339.jpg,menus
00000457.jpg,menus
00000089.jpg,menus
00000190.jpg,menus
00000344.png,menus
00000022.jpg,menus
00000134.jpg,menus
00000324.jpg,menus
00000349.jpg,menus
00000331.jpg,menus
00000077.jpg,menus
00000389.jpg,menus
00000321.jpg,menus
00000405.jpg,menus
00000028.jpg,menus
00000225.jpg,menus
00000078.jpg,menus
00000423.jpg,menus
00000179.png,menus
00000069.jpg,menus
00000336.jpg,menus
00000144.jpg,menus
00000282.png,menus
00000189.jpg,menus
00000045.jpg,menus
00000407.png,menus
00000378.png,menus
00000263.jpg,menus
00000290.jpg,menus
00000104.jpg,menus
00000297.jpg,menus
00000164.png,menus
00000236.jpg,menus
00000154.jpg,menus
00000102.jpg,menus
00000036.jpg,menus
00000208.png,menus
00000376.jpg,menus
00000026.jpg,menus
00000446.jpg,menus
00000039.jpg,menus
00000421.jpg,menus
00000313.jpg,menus
00000334.jpg,menus
00000133.jpg,menus
00000420.jpg,menus
00000367.jpg,menus
00000438.jpg,menus
00000370.jpg,menus
00000075.jpg,menus
00000143.png,menus
00000010.jpg,menus
00000013.jpg,menus
00000074.jpg,menus
00000014.jpg,menus
00000165.png,menus
00000226.jpg,menus
00000418.jpg,menus
00000180.jpg,menus
00000228.jpg,menus
00000452.jpg,menus
00000299.jpg,menus
00000153.jpg,menus
00000275.jpg,menus
00000051.png,menus
00000315.jpg,menus
00000461.jpg,menus
00000306.jpg,menus
00000066.jpg,menus
00000243.jpg,menus
00000062.jpg,menus
00000351.png,menus
00000428.jpg,menus
00000308.jpg,menus
00000034.png,menus
00000445.jpg,menus
00000150.jpg,menus
00000019.jpg,menus
00000085.jpg,menus
00000327.jpg,menus
00000492.jpg,menus
00000260.png,menus
00000127.jpg,menus
00000402.jpg,menus
00000269.png,menus
00000027.jpg,menus
00000394.jpg,menus
00000181.PNG,menus
00000302.jpg,menus
00000053.jpg,menus
00000412.png,menus
00000073.png,menus
00000346.jpg,menus
00000365.jpg,menus
00000476.jpg,menus
00000186.png,menus
00000495.png,menus
00000283.jpg,menus
00000091.png,menus
00000199.jpg,menus
00000017.jpg,menus
00000206.png,menus
00000094.jpg,menus
00000146.jpg,menus
00000250.jpg,menus
00000480.png,menus
00000098.jpg,menus
00000184.jpg,menus
00000202.jpg,menus
00000467.jpg,menus
00000211.jpg,menus
00000050.jpg,menus
00000262.JPG,menus
00000064.jpg,menus
00000399.jpg,menus
00000417.jpg,menus
00000298.jpg,menus
00000451.jpg,menus
00000023.jpg,menus
00000440.jpg,menus
00000025.png,menus
00000080.png,menus
00000193.jpg,menus
00000410.png,menus
00000411.jpg,menus
00000054.jpg,menus
00000004.jpg,menus
00000111.jpg,menus
00000285.jpg,menus
00000474.jpg,menus
00000427.jpg,menus
00000470.jpg,menus
00000210.jpg,menus
00000163.jpg,menus
00000369.png,menus
00000048.jpg,menus
00000433.jpg,menus
00000253.jpeg,menus
00000092.png,menus
00000486.jpg,menus
00000099.jpg,menus
00000456.jpg,menus
00000076.jpg,menus
00000341.jpg,menus
00000215.jpg,menus
00000166.jpg,menus
00000063.jpg,menus
00000138.jpg,menus
00000439.png,menus
00000277.jpg,menus
00000024.jpg,menus
00000038.jpeg,menus
00000447.jpg,menus
00000241.jpg,menus
00000366.jpg,menus
00000345.jpg,menus
00000245.jpg,menus
00000220.jpg,menus
00000123.jpg,menus
00000496.jpg,menus
00000047.png,menus
00000118.jpg,menus
00000030.jpg,menus
00000323.jpg,menus
00000443.png,menus
00000058.jpg,menus
00000465.jpg,menus
00000436.jpg,menus
00000307.jpg,menus
